2.98,-6.37
4.23,-5.49
5.46,-5.23
6.03,-4.39
4.61,-5.17
5.66,-4.56
4.01,-5.89
5.62,-5.37
4.47,-5.14
3.43,-5.81
4.31,-6.23
7.64,-4.33
6.56,-4.23
4.77,-4.29
4.12,-4.88
5.63,-5.28
5.6,-3.74
5.29,-5.7
5.56,-5.54
5.18,-5.17
4.82,-4.16
3.88,-5.45
3.99,-5.28
5.6,-6.23
4.91,-5.6
2.48,-5.62
4.56,-6.62
5.51,-4.54
4.87,-4.88
3.8,-4.92
4.6,-4.49
6.13,-4.76
5.07,-5.1
4.71,-5.35
3.76,-5.69
3.93,-5.67
5.28,-4.95
5.52,-6.04
4.59,-5.5
4.28,-5.2
5.4,-3.73
5.67,-5.26
3.06,-5.67
6.61,-3.54
5.41,-5.21
3.8,-5.86
5.25,-6.61
5.4,-5.43
7.13,-4.22
4.46,-5.18
4.75,-5.49
4.27,-4.39
5.04,-4.33
4.34,-5.46
4.26,-4.85
3.89,-4.92
5.24,-4.19
6.31,-3.96
5.67,-4.76
5.6,-4.89
4.62,-5.01
5.47,-5.87
5.91,-6.16
4.25,-4.92
4.95,-5.32
4.94,-4.98
5.28,-5.2
5.18,-5
3.93,-5.77
6.04,-4.97
4.2,-6.41
7.77,-3.31
4.86,-3.74
4.99,-5.35
3.94,-6.33
6.36,-3.45
5.46,-4.69
4,-5.11
3.8,-5.08
5.09,-4.47
3.91,-4.97
6.13,-3.84
4.46,-5.03
3.89,-6.51
3.3,-6.09
5.44,-5.32
5.33,-4.9
4.49,-5.06
3.96,-5.8
4.79,-5.36
6.15,-5.83
4.97,-4.9
4.8,-4.35
5.55,-4.58
6.88,-4.25
3.44,-6.52
3.31,-5.65
5.25,-5
4.64,-6.26
6.28,-5.82
3.42,-5.6
5.21,-4.57
5.57,-4.1
4.54,-5.59
5.18,-4.62
5.29,-4.13
6.45,-4.35
5.29,-4.75
3.89,-5.58
7.8,-4.15
4,-5.69
6.4,-3.01
5.81,-5.35
5.13,-4.94
5.07,-4.81
4.55,-4.89
6.88,-5.36
6.2,-6.17
4.62,-5.2
3.01,-5.53
6.21,-4.55
6.21,-5.3
5.85,-4.62
6.52,-4.03
4.56,-5.61
4.84,-4.82
5.03,-5.72
5.29,-4.52
3.74,-5.93
6.29,-3.36
4.19,-4.47
3.37,-6.31
3.37,-6.12
5.47,-5.26
5.13,-4.55
5.02,-5.18
5.46,-6.46
3.81,-5.35
5.16,-4.27
2.79,-4.96
3.33,-5.49
6.43,-4.53
4.04,-5.38
5.84,-5.28
3.7,-6.84
5.38,-3.84
4.98,-5.19
3.45,-4.46
5.98,-5.55
5.04,-4.48
4.62,-5.38
3.35,-5.95
5.48,-4.63
5.32,-4.33
5.32,-4.01
5.66,-4.01
3.3,-6.53
4.32,-5.6
4.75,-4.18
5.52,-5.79
2.88,-5.87
5.02,-5.35
5.49,-3.96
4.81,-5.07
5.79,-4.38
4.74,-4.8
4.78,-4.87
5.14,-4.41
4.17,-4.9
4.75,-4.41
6.91,-2.95
4.4,-4.74
5.28,-4.68
5.38,-3.59
5.4,-5.39
4.29,-5.38
3.12,-6.07
5.54,-5.21
6.73,-5.18
4.62,-5.15
5.25,-4.8
3.35,-5.87
3.45,-5.14
4.83,-4.07
3.87,-5.66
3.54,-4.28
4.77,-5.07
4,-5.71
5.36,-4.71
5.43,-4.68
5.44,-4.48
6.47,-4.67
5.72,-6.41
4.94,-4.02
4.21,-3.86
2.64,-6.07
5.65,-4.46
6.02,-4.42
7.32,-3.72
7.04,-3.61
5.77,-4.37
6.05,-5
5.65,-4.49
4.93,-4.25
5.58,-4.44
7.25,-3.39
3.96,-5.85
5.01,-5.35
3.2,-6.71
4.5,-5.28
3.64,-5.93
6.58,-3.45
4.21,-6.29
2.72,-5.53
3.19,-5.38
3.36,-5.63
5.97,-4.31
5.43,-5.24
5.27,-4.14
7.4,-4.36
6.44,-4.53
4.89,-4.13
4.71,-4.87
5.75,-3.67
6.1,-3.38
5.42,-4.43
5.84,-4.77
3.5,-5.34
4.54,-5.21
5.75,-4.3
5.41,-4.31
5.32,-4.64
5.64,-5.33
5.8,-5.3
7.17,-3.64
5.17,-6.2
6.38,-4.39
4.85,-6.15
4.56,-4.4
6.15,-4.46
5.97,-5.98
2.76,-6.96
5.18,-4.73
6.08,-5.42
6.62,-4.44
4.86,-4.63
5.92,-4.06
6.02,-3.99
6.63,-4.76
5.07,-5.28
5.23,-4.37
8.13,-3.35
4.91,-3.92
4.07,-4.91
3.75,-5.05
6.11,-4.31
4.02,-5.94
4.68,-6.25
5.67,-5.58
7.02,-4.91
5.96,-4.79
5.18,-3.27
4.64,-4.25
7.15,-4.39
4.42,-6.06
5.16,-5.18
1.7,-6.23
6.66,-3.01
6.04,-3.86
5.03,-4.63
5.4,-5.21
4.9,-5.04
5.95,-3.85
4.04,-4.12
4.52,-5.16
4.58,-5.57
5.97,-4.54
5.42,-5.38
3.81,-5.39
5.33,-5.26
3.11,-5.18
3.72,-5.03
4.15,-5.68
5.55,-4.34
5.01,-5.6
5.58,-4.4
5.85,-3.52
6.69,-4.76
6.47,-4.11
3.59,-4.96
7.37,-3.91
4.41,-5.26
3.78,-6.1
4.76,-5.16
5.46,-4.84
4.26,-5.31
4.85,-4.96
4.19,-7.04
6.67,-4.14
3.55,-6.39
4.27,-4.85
4.92,-4.87
5.85,-3.89
3.71,-5.96
5.12,-3.58
5.87,-5.4
6.73,-4.31
5.5,-5.42
6.72,-4.55
3.84,-5.29
5.27,-4.42
5.93,-4.75
5.86,-3.88
4.03,-4.61
3.91,-5.87
4.7,-4.88
1.23,-6.46
3.99,-6.22
4.37,-6.36
5.68,-4.42
5.08,-4.73
4.21,-5.84
5.8,-3.24
6.21,-4.67
6.74,-4.02
4.01,-6.67
4.35,-4.93
4.76,-4.41
3.36,-5.69
4.77,-3.91
3.81,-4.96
3.21,-6.23
6.72,-3.1
4.88,-5.37
6.53,-4.67
5.46,-5.07
5.69,-5
6.84,-5.31
6.89,-5.28
4.99,-4.96
4.74,-5.31
5.02,-5.3
3.62,-5.47
5.46,-4.43
4.27,-5.57
7.06,-3.22
4.22,-6
5.78,-4.38
4.29,-5.04
3.6,-5.78
6.82,-3.48
4.93,-5.08
4.32,-4.24
4.7,-6.49
5.6,-5.1
6.32,-5.67
3.36,-6.2
3.98,-5.52
4.74,-4.43
5.45,-4.63
4.75,-5.53
7.23,-3.25
3.7,-4.75
4.2,-5.24
3.49,-6.44
5.08,-4.07
7.38,-3.42
5.27,-4.15
4.97,-3.91
3.32,-4.92
5.03,-5.3
2.23,-5.66
3.52,-5.43
7.05,-2.68
4.64,-5.3
5.53,-3.62
4.76,-5.93
4.48,-5.35
4.55,-4.49
4.73,-5.93
4.33,-6
5.34,-5.67
4.38,-5.22
5.85,-3.92
4.72,-4.73
5.51,-4.96
6.59,-4.48
4.38,-3.98
4.42,-6.08
5.91,-4.88
6.17,-4.68
5.64,-3.95
7.08,-4.02
3.47,-5.67
5.36,-4.61
4.83,-4.63
3.57,-6.02
6.3,-4.52
4.96,-5.1
4.77,-4.37
4.66,-4.54
6.98,-4.99
4.03,-5.2
4.88,-3.5
6.82,-4.93
5.27,-5.45
4.06,-5.98
4.28,-5.17
5.33,-5.75
5.55,-5.08
7.63,-4.68
5.25,-5.24
4.67,-5.95
6.11,-3.88
5.62,-4.83
5.66,-4.45
5.07,-5.36
2.95,-6.47
5.34,-3.99
4.98,-4.53
5.19,-4.9
4.99,-4.52
5,-5.13
4.18,-4.4
6.1,-4.33
6.25,-4.89
5.65,-5.03
3.63,-6.4
5.78,-5.17
2.92,-6.29
5.38,-4.28
4.89,-4.54
4.44,-5.19
4.63,-5.15
5.31,-4.48
4.24,-4.58
5.44,-5.86
6.03,-4.77
4.94,-5.86
7.77,-3.5
4.25,-5.1
3.78,-4.63
3.13,-5.5
6.81,-5.45
4.67,-5.29
5.26,-4.12
6.28,-4.27
2.26,-7.07
3.04,-5.89
5.17,-5
7.39,-5.12
5.29,-4.39
6.7,-3.23
5.29,-4.35
4.33,-4.31
5.45,-4.77
3.92,-5.16
4.04,-5.98
3.87,-5.68
5.91,-3.94
4.98,-4.09
4.18,-6.2
5.71,-4.52
4.94,-5.43
5.28,-4
5.08,-5.57
4.6,-4.92
5.74,-4.45
5.07,-5.3
6,-4.66
5.9,-5.13
6.05,-3.5
5.9,-4.21
4.68,-4.15
4.26,-4.74
5.07,-3.52
6.83,-3.57
3.9,-5.72
5.11,-5.62
3.81,-6.25
4.01,-5.18
4.89,-5.49
3.58,-6.55
6.41,-4.03
4.43,-5.03
4.41,-5.13
3.32,-5.01
5.69,-6.03
5.29,-4.02
4.9,-4.85
3.67,-5.39
4.69,-5.22
5.81,-5.29
5.77,-5.95
4.07,-6.18
5.31,-4.53
3.9,-5.53
2.97,-6.65
1.99,-6.69
3.92,-6.03
5.14,-5.1
3.69,-4.91
5.08,-4.93
4.32,-5.48
2.89,-6.89
2.32,-5.89
6.97,-3.82
4.96,-5.69
6.53,-5.91
4.84,-5.99
6.57,-4.39
2.67,-6.13
4.28,-5.61
5.47,-3.36
4.6,-5.43
4.33,-4.97
4.13,-6.06
5.06,-5.24
6.04,-4.33
4.1,-4.82
4.21,-5.25
5.22,-4.32
6.07,-4.57
5.26,-3.99
4.4,-4.41
3.73,-5.05
5.09,-5.3
5.17,-6.49
4.09,-3.97
3.84,-5.81
4.06,-6.31
7.06,-3.8
6.82,-4.75
4.62,-5.76
6.24,-4.58
5.16,-5
6.29,-3.66
4.92,-4.61
4.12,-5.64
6.13,-4.61
6,-4.46
6.38,-3.74
4.31,-5.16
3.7,-5.89
5.53,-5.3
6.04,-5.1
5.51,-3.52
4.45,-5.04
5.85,-4.32
5.06,-4.82
5,-5.1
5.29,-4.75
4.92,-5.5
4.74,-4.43
6.31,-4.61
5.45,-3.54
4.78,-3.56
6.98,-3.43
3.32,-4.98
4.99,-5.39
3.77,-5.28
6.23,-4.85
3.25,-5.85
4.36,-4.34
5.51,-4.9
5.86,-5.03
6.08,-4.8
4.44,-5.1
4.33,-5.03
4.4,-5.58
5.55,-4.85
3.39,-5.87
5.56,-4.69
5.3,-4.34
4.52,-5.83
2.72,-6.03
4.86,-4.94
5.13,-4.74
5.17,-5.67
4.49,-5.73
4.67,-5.5
5.71,-5.24
4.91,-4.93
3.74,-5.63
6.02,-4.79
5.83,-4.13
5.99,-4.64
6.65,-5.04
4.5,-6.25
4.74,-4.41
5.84,-4.64
6.23,-4.78
5.62,-4.13
4.06,-4.53
6.59,-4.58
4.72,-5.42
4.91,-5.05
4.37,-5.33
4.39,-6.26
6.54,-4.91
6.07,-4.97
4.26,-5.67
4.06,-4.39
6.3,-4.59
5.49,-4.8
4.52,-6.25
4.78,-4.4
7.13,-3.64
5.28,-6.11
4.37,-6.35
4.81,-4.57
4.01,-5.74
6.21,-5.51
5.78,-3.2
5.15,-4.4
5,-4.84
8.25,-4.5
4.75,-5.1
5.67,-4.36
4.27,-5.93
5.13,-4.3
6.67,-4.91
4.74,-4.61
4.95,-4.66
3.63,-5.99
5.83,-4.46
5.06,-6.04
3.6,-4.3
4.11,-5.74
4.52,-4.18
4.64,-4.7
5.14,-4.36
6.44,-3.97
2.61,-4.72
4.82,-5.39
6.99,-4.55
4.5,-4.77
3.5,-5.65
4.99,-5.35
5.71,-4.72
6.32,-4.27
4.71,-6.71
5.55,-5.24
5.33,-4.96
4.44,-4.97
4.46,-4.45
6.41,-3.95
4.58,-4.92
5.81,-4.01
4.97,-4.34
4.88,-4.92
6.79,-3.61
5.24,-4.6
5.68,-5.2
5,-4.77
3.49,-5.27
5.15,-5.33
4.55,-4.87
5.61,-3.94
5.35,-4.15
2.89,-5.71
5.01,-4.82
4.36,-5.15
4.09,-6.34
5.29,-4.53
5.57,-4.87
5.34,-5.54
3.55,-4.55
4.56,-5.73
5.07,-3.45
3.86,-5.67
6.02,-4.16
4.52,-5.74
5.64,-4.33
6.71,-4.2
3.69,-5.14
7.77,-3.26
5.48,-5.6
5.13,-5.42
3.51,-5.53
5.82,-3.98
4.68,-5.08
6.16,-2.85
5.07,-6.05
4.68,-5.02
6.19,-5.05
6.25,-5.29
6.53,-5.53
4.21,-5.5
5.31,-5.62
6.44,-4.49
5.74,-4.9
4.15,-5.74
4.83,-5.07
5.26,-5.45
4.92,-3.64
3.41,-5.21
4.35,-5.92
5.49,-4.76
5.95,-3.48
5.23,-5.31
4.81,-4.94
5.76,-4.87
4.83,-4.25
5.04,-5.61
3.91,-5.28
4.78,-6.05
4.47,-6.25
6.94,-3.88
7.61,-4.71
5.02,-3.76
5.4,-4.69
4.75,-4.38
5.18,-4.38
3.89,-5.66
5.36,-4.32
5.14,-6.55
4.92,-4.56
4.23,-5.67
4.74,-4.7
7.65,-4.09
4.59,-4.68
3.77,-6.14
5.38,-5.18
5.95,-5.01
3.72,-4.7
6.32,-3.75
5.15,-5.28
5.69,-4.88
5.19,-4.23
4.08,-4
5.79,-4.88
5.43,-4.41
5.99,-5.3
6.49,-3.9
2.14,-6.09
5.43,-4.66
5.48,-4.02
4.61,-5.14
4.56,-5.87
3.35,-6.38
5.93,-5.22
3.25,-6.08
5.84,-6.08
3.72,-5.38
5.03,-3.8
4.76,-4.21
4.6,-4.95
7.04,-4.39
6.24,-3.57
3.71,-5.23
4.6,-5.31
5.71,-4.79
5.49,-4.98
4.78,-6.06
4.4,-4.69
6.66,-3.92
6.37,-3.19
6.51,-3.85
5.35,-4.96
3.93,-6.01
5.16,-4.99
5.05,-5.4
4.21,-5.76
5.96,-5.34
3.76,-4.28
4.42,-5.28
5.37,-5.43
6.39,-3.93
3.39,-6.36
7.43,-4.83
5.76,-5.15
3.48,-5.99
5.38,-5.27
4.77,-5.97
3.51,-5.82
3.03,-5.71
3.49,-5.36
7.2,-4.06
5.34,-3.15
4.27,-4.96
2.83,-5.4
4,-6.79
6.1,-6.27
5.41,-6.09
4.5,-5.27
4.97,-5.52
4.21,-5.73
5.75,-3.73
4.97,-4.97
5.36,-4.68
5.19,-4.82
4.91,-4.76
3.42,-4.87
4.55,-4.61
4.97,-5.6
4.97,-5.02
4.86,-4.37
4.76,-4.83
5.05,-4.02
5.51,-4.97
5.91,-4.28
5,-3.87
4.94,-5.16
5.88,-3.13
4.99,-4.42
5.13,-5.79
5.36,-4.83
6.55,-4.39
5.1,-3.78
5.56,-4.44
6.74,-4.29
6.44,-4.79
5.61,-5.39
4.09,-4.41
5.19,-6.16
5.18,-5.17
4.74,-5.64
6.85,-3.94
4.91,-4.97
5.47,-5.19
5.81,-5.25
4.97,-4.36
5.11,-4.56
5.17,-5.05
5.7,-2.68
6.13,-4.14
5.01,-4.69
4.59,-5.23
3.78,-5.38
3.19,-6.25
5.5,-5.48
5.08,-5.6
4.13,-5.79
2.87,-5.32
4.49,-5.66
7.07,-4.59
3.73,-6.46
5.69,-3.67
4.91,-4.56
5.13,-6.28
5.15,-4.65
4.61,-5.15
5.98,-4.68
5.05,-6.18
5.98,-4.87
5.81,-4.32
5.93,-5.06
5.24,-5.22
5.1,-4.24
5.68,-4.23
4.87,-4.73
4.34,-5.36
5.98,-4.05
3.88,-5.32
4.98,-4.95
4.79,-5.45
5.22,-5.46
4.82,-5.18
5.4,-3.54
5.58,-5.13
5.67,-5.1
5.82,-4.74
5.41,-4.41
4.28,-5.66
6.14,-4.89
4.75,-5.48
6.17,-3.9
5.56,-5.04
5.78,-5.19
3.61,-4.85
3.33,-6.51
3.97,-5.75
5.74,-4.86
1.87,-6.94
5.73,-5.42
5.93,-3.17
6.51,-4.11
5.88,-4.27
3.55,-6
3.58,-5.57
6.41,-5.05
5.38,-5.09
5.8,-5.25
5.51,-4.45
4.95,-4.06
5.61,-3.99
5.88,-4.54
4.41,-5.1
3.58,-6.19
6.03,-3.41
5.81,-4.42
6.04,-5.3
4.03,-6.5
5.95,-3.72
3.89,-5.1
3.63,-5.75
5.12,-5.47
6.04,-5.25
2.63,-6.87
3.78,-4.8
4.16,-4.94
3.98,-5.79
6.59,-3.62
4.75,-5.41
4.48,-5.17
4.2,-5.38
6.42,-4.39
5.51,-5.64
6.37,-5.2
6.68,-4.72
5.95,-3.91
6.01,-4.53
3.22,-7.07
5.49,-4.95
2.94,-4.64
3.85,-4.51
4.17,-4.91
4.8,-6.27
4.88,-5.68
4.85,-5.22
5.44,-4.44
4.62,-5.45
6.29,-5.56
5.22,-4.68
6.39,-4.44
4.78,-5.29
7.06,-3.22
4.43,-6.48
5.97,-3.99
5.68,-4.71
5.56,-4.03
4.77,-4.58
6.1,-5
3.34,-5.88
5.44,-5.2
5.31,-5.36
6.1,-4.89
4.56,-5.02
6.06,-5.27
4.67,-4.9
4.3,-4.1
4.68,-6.25
3.75,-5.63
4.19,-4.25
5.19,-5.02
6.39,-6.38
3.88,-5.48
4.65,-4.45
3.83,-5.6
3.56,-5.81
4.64,-5.93
4.53,-4.49
3.46,-5.42
4.4,-5.18
5.16,-5.01
6.5,-3.95
5.47,-5.02
6.12,-4.77
4.48,-5.81
6.34,-3.89
6.59,-4.45
4.86,-5.6
5.61,-4.74
7,-4.88
5.43,-5.1
4.76,-4.48
4.56,-5.61
6.07,-3.98
4.27,-5.37
4.21,-5.75
5.71,-5.08
3.99,-6.18
4.56,-3.41
4.29,-4.02
5.13,-5.79
5.17,-6.62
4.37,-5.05
4.77,-4.41
4.95,-4.95
4.67,-5.55
3.29,-4.69
6.02,-3.92
5.13,-4.98
6.25,-4.25
6.62,-5.39
4.47,-5.82
6.23,-4.49
5.17,-5.22
5.05,-4.86
3.1,-5.96
5.04,-5.38
4.33,-5.27
6.09,-3.59
4.62,-4.82
5.54,-4.76
5.03,-5.73
4.7,-4.46
4.94,-4.16
5.38,-4.16
1.25,0.202
-0.512,0.371
0.998,0.035
-0.93,0.733
0.523,-0.771
1.04,0.534
1.07,1.42
1.08,0.867
1.12,-0.00183
-0.318,0.815
-0.435,-0.77
-1.33,0.313
-0.725,0.722
0.371,-1.29
-0.554,-1.29
-0.0944,-0.911
0.719,0.796
0.502,0.363
0.192,0.0252
-0.0979,-0.546
-0.294,0.858
-0.6,0.412
-0.95,0.168
-0.425,-1.18
-0.526,-0.127
1.41,2.15
-0.454,-0.0771
0.483,0.288
-0.178,0.434
-1.18,0.15
0.282,-0.402
-0.909,-0.908
-0.269,0.803
-0.89,-0.772
-0.418,2
0.854,-1.19
-0.446,-0.473
1.41,-0.468
-1.44,0.921
-0.821,-1.24
1.17,-0.848
2.12,0.132
0.633,0.192
0.22,-0.918
-0.359,0.712
-0.787,-0.673
-2.15,-0.25
0.404,1.05
-0.307,0.624
1.1,0.765
-0.678,0.144
-0.88,-0.295
-1.12,-0.071
-0.955,-0.369
0.0252,0.176
-0.292,-0.33
-0.144,-0.452
-0.924,-0.742
-0.198,0.633
-0.616,-0.368
-1.74,0.171
-0.605,0.127
2.15,-0.0948
0.351,1.54
0.155,0.00977
0.559,-0.662
-0.632,-0.0881
-0.252,0.333
-1.36,0.378
-0.17,-0.327
-0.715,0.702
-0.767,-0.285
-0.865,0.473
0.691,0.36
-0.059,-1.55
0.433,0.39
-0.89,-0.757
0.549,-0.419
-0.76,0.126
0.0724,0.858
-0.693,-0.312
-1.04,0.0881
0.275,-0.485
0.13,0.51
0.138,-0.269
0.147,-0.00977
0.632,-0.399
0.0343,-0.0261
-0.373,-0.685
0.416,0.388
1.13,0.0276
-0.676,-0.794
-0.727,-0.908
-1.67,1.28
0.641,-1.45
-0.459,1.35
-0.193,-0.403
0.117,1.03
0.435,1.23
0.0598,0.684
0.762,0.551
-2.44,-0.387
-0.768,-1
0.449,-1.58
-1.17,0.096
-0.767,-0.12
-0.339,-0.838
1.39,-0.845
0.619,-0.123
-0.118,-0.201
-0.74,-0.0995
-1.53,0.2
-0.561,0.114
-0.228,1.05
0.354,-0.872
-0.219,1.22
-0.164,0.185
-0.254,1.29
0.611,-0.76
-1.22,0.435
-0.337,1.26
0.986,0.168
-1.12,0.0887
-1.46,0.262
1.49,0.779
-0.239,0.42
-0.883,-0.0251
-0.9,-1.25
0.201,0.997
-0.954,-0.11
0.832,0.14
-0.821,0.368
-0.245,-0.896
0.0944,1.52
0.105,-0.154
0.356,0.305
0.814,-0.00295
0.873,2.12
-1.05,-0.444
-0.352,0.811
0.409,-0.112
0.0869,0.134
-0.777,-0.529
0.0317,-0.133
-0.777,-0.159
0.81,0.352
0.148,-0.0923
1.13,-0.185
0.551,-1.06
0.766,0.25
0.372,0.856
-1.21,-1.09
-1.28,-0.736
-0.241,-0.326
-0.492,0.725
0.635,-0.67
-0.325,-0.663
-0.224,0.512
-0.789,-0.598
0.12,0.616
0.308,0.508
-0.844,0.345
-1.13,0.372
0.65,1.06
-0.341,0.064
-0.316,-0.367
0.554,0.149
0.792,0.186
-0.874,0.647
0.473,0.501
-0.0286,-1.58
-1.63,0.0136
-0.631,-1.38
-0.734,0.815
-0.92,-0.426
-0.369,0.834
-0.995,-1.69
0.13,-0.472
1.42,-1.39
0.399,-0.875
0.518,0.594
-0.29,0.0799
-0.424,-0.518
1.07,1.28
-0.502,-0.906
-0.638,-1.03
0.0954,0.15
-0.646,-0.543
-1.28,-0.952
-0.46,-0.481
-0.665,0.161
-0.617,-0.477
-0.474,-0.165
0.00131,-0.607
-0.432,-1
0.317,-0.771
0.286,-1.42
-0.215,0.145
0.665,-0.131
-0.502,-0.519
0.457,1.69
-0.71,1.21
-0.139,0.17
-0.663,0.563
0.143,0.673
0.291,-0.694
1.03,-0.378
1.16,0.246
-0.18,-1.84
1.56,-0.887
0.254,-0.612
0.442,-1.66
-1.25,-0.274
-0.173,-0.726
0.00633,0.224
0.732,-0.161
-0.297,0.0927
-0.599,-0.123
-0.995,-0.129
-0.116,0.746
-0.344,0.837
0.169,1.07
-0.234,-0.265
0.053,-0.839
0.271,-1.09
0.213,-0.883
-0.0638,-0.905
0.721,0.999
0.21,-0.303
0.512,-0.655
-0.00852,0.701
0.918,0.772
1.03,-0.155
1.01,0.514
-0.545,-0.323
0.547,0.566
0.84,-0.897
0.193,-0.282
1.13,0.258
-0.743,0.359
-0.885,1.42
0.597,0.119
0.198,0.274
-0.594,1.2
-0.959,0.185
0.336,-0.38
-0.0668,0.979
-0.961,-1.8
1.18,0.252
0.0757,-0.289
-0.667,0.307
-1.79,-0.849
1.15,-0.858
1.27,1.32
1.4,1.27
0.613,1.07
0.19,-0.00313
-0.225,-1.38
0.52,0.266
0.107,0.101
1.12,1.08
0.535,0.115
-1.45,0.487
-1.04,1.07
1.84,-0.164
-0.549,0.842
0.0149,0.251
0.294,-1.27
0.0236,0.669
1.03,1.02
-0.808,-0.256
-0.486,-0.334
-1.26,-1.23
-0.0904,-0.758
-0.096,0.0645
0.0659,-0.601
-0.407,-0.049
-1.54,-0.0279
0.898,-1.01
0.99,-0.303
0.458,-1.42
0.149,0.191
-0.206,-0.116
-0.417,1.06
-1.5,0.437
-0.413,-0.627
-0.315,-0.198
-0.178,-0.777
0.0248,1.56
0.578,0.477
0.707,0.835
0.794,1.58
-0.693,0.186
-0.508,-0.26
-0.248,0.0123
-0.0116,-0.918
1.01,1.08
0.0841,0.144
-0.691,-0.128
-0.467,-0.207
-0.221,0.321
1.4,-0.316
1.15,1.41
-0.0745,-1.12
-0.565,-0.668
-0.959,-0.291
0.94,0.299
-0.421,-0.433
1.08,0.749
-0.541,-0.753
-1.13,0.751
-0.274,-0.919
-1.01,-1.96
-0.558,1.07
-0.759,0.0111
0.106,0.441
0.348,-1.04
0.38,0.685
0.878,0.759
-0.319,-1.78
-0.297,-1.28
0.689,-1.35
0.359,0.357
-1.84,0.742
0.028,-0.871
0.594,-1.11
-0.425,-0.343
1.58,0.518
0.448,0.75
-0.43,0.52
0.285,-0.936
-0.134,1.43
0.702,-0.141
-0.777,-0.523
-2.18,-0.554
-1.59,-1.41
0.129,-1.18
0.26,-0.436
0.768,-0.348
0.639,0.0262
0.844,-1.1
-0.0695,-0.349
0.41,-1.04
0.857,-0.755
0.0465,0.504
-0.659,-0.528
-0.259,-0.714
0.286,0.339
0.849,0.0608
-1.02,-0.499
-0.628,0.148
0.448,-0.723
0.533,-1.09
-0.152,-1.15
1.67,-0.345
0.0245,-1.29
0.0224,0.727
-0.268,1.43
0.276,1.76
-1.74,0.561
-0.326,0.347
-0.171,-0.587
0.418,0.683
0.0352,0.814
0.0384,0.779
-1.18,1.09
-0.0165,-0.138
-0.486,1.01
-1.7,-0.296
-0.00341,-0.421
1.58,-1.17
0.456,0.24
-0.934,0.699
0.761,-0.294
1.49,-0.986
0.104,0.615
0.154,-0.297
0.405,0.155
-0.588,-0.39
-0.979,0.325
0.904,0.316
0.817,-0.173
0.501,-0.673
0.731,-0.114
-1.48,-0.342
-1.97,0.777
1.04,-0.428
-0.361,0.279
0.127,-1.45
-0.29,0.261
-0.612,1.24
-0.131,-0.31
0.527,0.238
-0.576,-0.109
-0.285,1.08
0.0557,-1.29
0.913,0.756
0.868,0.411
-0.504,1.04
0.243,0.594
-1.43,-0.313
0.324,0.226
-0.649,-0.4
1.39,0.81
0.219,0.302
0.107,0.167
-0.433,0.539
1.2,-0.572
1.25,-0.26
-0.0365,0.112
-0.52,0.013
-0.411,-0.285
0.173,0.00807
-0.538,1.33
0.989,0.281
-0.818,1.66
-2.64,-0.157
-0.926,-0.114
-0.531,-1.36
-0.919,-0.871
-0.725,-0.551
-1.14,1.14
0.166,-1.59
-1.43,1.04
1.44,-1.24
0.512,-0.332
-1.68,-0.343
1.05,1.67
-0.395,0.89
-0.679,-0.37
-0.0774,-0.396
-0.0465,1.06
0.699,1.61
0.0256,-1.16
0.11,1.31
-0.159,0.0143
-0.435,-0.171
-0.775,0.907
-0.498,1.34
0.511,1.07
0.139,1.5
-0.0414,-0.977
-0.697,0.614
0.0847,0.396
-0.844,0.872
0.792,0.229
-0.55,1.24
-0.117,1.44
-0.308,1.41
1.89,-0.513
-0.911,0.00814
0.565,-0.571
-0.235,-0.118
0.183,0.957
-0.742,-0.196
0.951,0.578
0.047,-0.723
1.17,0.201
-0.191,0.516
-0.782,0.544
-0.0613,1.2
-0.518,1.01
-0.539,-1.25
-0.352,-2.15
-0.76,-1.19
1.44,0.0291
0.163,0.428
0.995,-0.45
0.432,-0.0125
-0.00471,-0.146
0.266,1.19
0.611,-0.538
-0.749,-0.124
-0.598,-0.113
0.03,1.23
0.611,0.512
-0.0566,0.655
-0.343,-1.2
1.44,0.319
-0.0878,0.0436
-1.44,-1.27
1.11,-1.39
0.99,-0.279
-0.836,-0.682
1.63,0.858
0.841,0.149
-0.829,-0.738
-1.02,-0.0986
0.195,0.105
-1.16,0.382
-0.524,-0.0183
-0.182,0.65
-0.122,-0.627
-0.545,0.408
-0.873,0.731
-0.717,-0.146
-1.19,-0.946
0.459,0.63
-1.37,2.06
1.21,0.353
-0.59,-0.717
-0.25,0.111
0.291,-2.37
-0.0929,0.145
0.404,1.49
-0.385,-1.07
-0.442,-1.8
0.667,-0.437
0.456,-0.339
-1.35,-0.37
-0.00683,-0.0144
0.305,0.199
-1.55,0.13
-1.69,-0.155
-0.184,1.07
-0.697,-1.36
-0.247,-1.24
1.24,-1.25
-0.924,0.552
-0.777,0.425
0.538,1.57
-0.686,0.398
-0.764,0.0438
-0.708,0.123
-0.733,-0.839
-0.597,-0.996
0.178,1.22
0.61,-1.21
0.22,0.841
-1.31,1.27
1.07,0.462
-1.1,-0.782
0.799,0.409
0.546,0.626
-0.979,0.788
0.0869,0.161
0.816,-1.78
1.51,-0.0225
-0.379,0.154
0.482,-0.526
-0.33,-1.36
-0.389,-1.43
0.358,-0.122
-0.207,0.122
-1.39,-1.28
0.28,0.87
0.504,0.145
-0.238,-0.818
0.638,-1.09
0.0361,1.26
0.084,-0.00051
1.42,0.525
-0.0897,-0.357
-0.857,-0.123
-0.119,-0.627
2.18,0.187
0.996,1.05
-0.98,0.614
-0.992,1.6
1.3,0.931
0.297,0.219
0.587,-0.216
1.22,-1.98
0.353,0.0932
0.579,-0.0863
-0.686,1.84
0.711,-0.0824
-1.27,0.459
-0.916,0.733
0.307,1.51
-0.187,-0.374
1.76,1.62
0.519,0.51
0.741,-0.574
-0.0982,0.683
-0.48,1.24
-0.274,-0.0751
0.295,0.808
-0.432,-0.99
0.765,-0.0247
1.13,-0.328
0.635,1.4
-1.03,-0.39
1.59,-0.815
-0.663,0.38
0.597,0.298
0.684,-2.06
-1.04,0.284
0.582,-0.686
0.0484,0.399
-0.201,-0.0534
0.416,0.246
-1.11,-0.844
-0.22,-0.493
-0.781,-1.27
0.357,0.272
0.936,-0.399
0.823,-0.37
-1.45,-1.02
0.0489,-0.137
0.514,-1.14
0.526,0.105
0.101,-0.198
-2.08,0.359
0.454,-0.871
-1.08,0.943
0.598,1.28
0.415,-0.249
-0.965,0.858
0.431,1.3
-0.322,-0.144
-0.0548,0.0772
0.47,0.453
-0.0785,0.973
0.133,0.576
-1.24,1.07
1.43,0.639
0.183,0.305
-0.566,-1.06
-0.764,0.628
0.63,1.5
-1.36,1.4
-0.491,0.563
-1.47,0.205
1.4,1.26
-0.0747,-0.835
-0.599,-0.596
-0.028,-0.961
-0.759,0.935
-0.921,0.455
0.452,0.493
-0.528,-0.195
-0.585,0.362
0.391,0.846
-0.153,-0.766
0.724,0.713
0.611,0.0341
-0.629,-0.548
0.517,-2.05
-0.507,0.108
0.456,0.706
0.0776,-0.199
1.62,-0.481
0.684,-1.73
-0.685,0.906
-0.394,0.436
-0.0501,0.433
0.297,0.807
0.21,0.404
-0.873,0.131
-0.69,0.493
0.513,0.807
-0.143,-0.206
1.12,-0.545
-0.75,-0.799
-0.903,-1.13
-1.25,-0.0681
-0.49,-0.424
-0.47,0.305
-0.268,0.754
0.485,1.2
0.107,-0.565
0.133,-0.245
0.382,-0.268
-0.611,0.507
-1.13,-0.186
-1.15,-0.439
-1.07,0.458
-1.02,-0.881
-0.201,-1.73
0.673,0.0972
0.386,-0.791
0.0254,-1.09
-0.0688,-0.883
-0.742,-0.799
-0.871,-0.541
0.0582,-0.805
-0.288,-0.748
0.307,-0.195
0.389,0.873
-1.14,-0.574
0.265,-0.686
-2.21,-0.103
0.664,0.534
0.391,-0.185
0.56,-0.366
0.821,-1.55
-0.613,-0.165
-0.802,-1.43
0.511,0.000463
-0.338,-0.786
0.81,-0.447
0.0104,-0.0145
0.181,-0.378
-0.377,0.291
-0.224,0.111
-0.137,-1.02
-0.99,0.291
-0.372,-0.65
0.862,1.25
1.22,-0.721
0.132,-0.492
0.0819,0.375
-0.575,1.82
-0.0958,0.39
-0.607,0.917
0.098,-0.647
0.222,-0.141
0.817,1.28
0.482,-1.13
-0.357,1.08
-1.35,-0.67
0.855,0.142
-1.02,1.15
-0.441,0.647
-1.14,1.54
0.272,-0.865
0.782,0.18
-0.926,-0.668
0.765,-0.949
-0.459,0.728
0.323,0.537
0.384,0.353
0.073,-0.108
0.867,0.223
0.0566,0.32
-0.0765,-0.547
1.28,0.953
1.03,-1.15
-0.299,-0.227
-0.788,1.27
-0.155,-0.852
-0.304,-0.21
-0.874,0.329
-0.854,0.296
0.235,-1.48
-0.2,0.326
0.43,-0.0666
-0.0625,-0.316
1.08,0.503
0.0601,-0.886
-0.826,-0.198
0.0251,0.863
0.478,-0.101
0.28,0.875
-0.143,0.595
-0.261,-0.345
0.715,-0.406
0.0479,-1.66
0.568,-0.29
0.0676,-0.848
0.416,-1.31
0.115,0.775
0.571,-0.705
-1.05,-1.65
-0.83,0.778
0.809,0.3
-0.0984,-0.278
-0.647,-0.331
0.898,0.85
-0.166,0.798
0.827,-0.168
-0.203,-0.632
-0.0441,-0.393
0.262,-0.829
0.106,0.39
-0.463,0.474
0.322,-0.255
1.04,-0.158
0.717,0.469
0.236,-1.18
-0.137,-0.675
-0.0000476,-0.346
0.767,0.55
0.512,0.21
-0.278,0.566
-0.186,1.39
0.0757,-0.972
-1.49,-1.01
1.08,1.08
-1.12,-0.148
-0.152,1.06
0.301,-0.826
0.252,-1.03
0.854,-0.406
-0.78,-0.175
0.304,0.608
1.56,-0.495
-0.0814,-0.67
-0.401,0.705
-1.19,0.503
0.686,-1.25
1.18,-1.6
-1.97,-0.205
0.444,-0.308
-1.52,0.978
1.23,-0.797
-1.05,-0.081
-0.308,-0.0585
-0.12,0.123
-1.45,-0.624
0.531,0.0311
1.4,-0.436
1.52,-1.19
-0.553,1.25
0.442,-1.73
0.0669,0.722
-0.319,0.0887
-0.533,0.0453
-0.203,0.766
0.741,-0.438
0.284,-0.547
-0.152,0.269
-0.777,0.61
0.237,-0.0251
1.38,0.0679
-0.0356,-0.139
-0.0819,0.923
0.53,0.304
-0.101,-0.291
-0.513,-0.757
-0.459,0.046
0.0104,-0.21
0.754,0.0334
-1.32,0.89
1.2,0.683
0.112,-0.265
0.944,0.499
0.211,0.459
-2.28,-0.0168
0.663,0.0391
0.186,-0.267
0.254,-0.327
-0.0121,-0.453
-0.665,0.0303
-0.0745,0.163
0.681,0.248
0.196,0.553
0.159,0.00223
-1.16,-1.18
0.292,0.207
-0.577,0.144
0.0494,-0.27
-1.4,-0.603
-1.03,0.513
0.667,-0.406
-1.38,-1.73
-1.16,1.79
0.576,-0.164
1.08,0.939
-1.03,0.305
0.786,-2.27
1.15,-0.255
0.506,-0.195
0.224,-0.479
-0.702,1.19
0.162,-0.27
0.288,-0.272
1.27,-0.31
-1.16,0.161
0.107,-0.114
0.154,0.346
-0.686,2.53
-0.271,0.188
0.0596,0.0611
0.462,-0.255
0.829,-0.965
0.564,-0.106
-1.64,0.516
1.38,0.765
-0.33,0.045
-0.935,1.19
-0.465,0.133
0.0742,0.0821
0.261,-0.0203
-0.351,1.71
1.04,-0.822
0.174,0.68
-0.197,-1.45
-0.868,-0.143
1.64,0.475
0.0824,0.734
0.567,-0.399
0.361,0.446
0.354,-1.26
-0.126,-0.369
0.126,-0.69
-0.528,-0.0776
0.865,-0.103
-0.393,-1.27
-1.58,0.221
0.636,0.668
0.43,-0.575
0.697,-0.217
-0.569,-0.194
-0.628,-0.0553
-0.262,0.857
0.325,-0.184
-0.591,0.709
-1.28,-0.66
0.715,0.112
0.826,0.149
-0.0444,0.138
0.617,-1.31
0.0672,-0.376
-0.608,0.509
-0.226,1.3
0.227,0.0285
-0.734,0.277
0.64,-0.706
0.653,-0.921
0.332,-0.49
0.865,0.508
0.0127,0.996
-0.419,-0.45
-0.0333,-1.47
0.434,0.0413
0.416,-1.94
-0.749,0.917
0.192,0.486
0.102,0.402
-0.347,1.15
1.02,-0.549
0.494,0.27
-0.817,-0.651
0.164,-0.174
1.23,0.0301
1.15,1.07
-0.196,-0.934
-0.358,-1.38
-0.548,-0.816
-0.504,-0.788
-0.659,-0.243
-0.769,-0.275
0.277,-0.535
1.02,0.111
0.152,1.51
0.511,-0.986
-0.212,0.287
-0.353,0.521
-0.361,-0.73
-0.22,-0.758
-1.23,0.104
0.442,-0.497
0.415,-1.68
-0.617,-0.815
-1.57,0.749
-0.00912,-1.22
1.6,0.641
-0.612,0.678
-0.93,-1.38
-0.602,0.00198
0.495,-0.256
0.732,-1.52
0.95,-0.902
0.377,1.14
1.05,-0.129
0.302,-0.191
0.0912,-0.129
-1.98,-0.126
1.07,1
1.35,-0.974
0.586,0.67
-0.901,-0.626
0.2,0.992
0.992,1.44
-0.205,-0.665
0.0482,0.616
0.845,-0.667
0.0364,-0.285
-0.672,-0.726
-0.907,0.0989
-0.866,0.00729
-0.815,0.255
-0.131,0.403
-0.521,-0.893
-0.275,1.74
0.00453,0.518
-0.414,-0.318
-0.827,0.124
-0.307,-0.186
-0.679,0.393
0.734,-0.0491
0.562,0.729
1.18,0.777
0.362,-0.574
0.544,-0.555
0.294,1.4
-0.721,-0.115
-0.718,-0.186
-0.352,0.447
0.117,0.312
0.497,0.267
1.43,-0.337
1.28,1.4
-0.0468,0.048
-0.137,0.988
0.571,-0.188
0.438,-0.278
1.03,-0.147
-4.56,5.18
-5.48,4.49
-4.46,4.95
-5.94,5.35
-5.24,4.84
-5.15,4.65
-4.47,3.48
-4.73,5.05
-5.36,4.95
-5.25,5.05
-5.33,4.77
-5.37,4.32
-4.17,5.37
-5,5.36
-4.96,3.78
-5.25,3.78
-5.01,4.94
-5.62,5.54
-4.52,4.93
-4.98,4.2
-4.53,5.79
-4.9,5.35
-5.46,3.97
-4.78,5.19
-4.94,4.84
-5.68,5.24
-5.01,4.92
-5.74,4.21
-4.51,5.36
-5.04,4.61
-5.6,6.3
-4.25,6.27
-5.44,5.3
-4.98,5.84
-5.53,3.97
-5.75,3.94
-5.99,5.31
-4.47,4.5
-5.83,4.12
-6.26,4.52
-6.06,4.01
-4.93,4.95
-6.45,5.84
-5.41,5.82
-3.68,3.99
-5.3,5.04
-5.53,5.52
-5.38,4.02
-5.89,4.26
-6.2,4.76
-5.72,5.43
-4.47,6.04
-5.59,4.64
-4.41,5.04
-6.07,4.54
-5.04,4.38
-4.49,5.16
-5.13,4.44
-4.95,4.25
-5.13,4.96
-5.37,4.69
-5.12,5.2
-3.66,5.36
-4.41,6.08
-4.69,5.81
-4.43,4.64
-4.05,5.38
-5.91,5.79
-5.6,5.33
-4.35,5.45
-4.77,3.44
-5.04,4.55
-5.36,5.34
-3.92,5.85
-5.81,5.14
-6.44,6.08
-4.75,5.02
-5.83,5.69
-4.02,5.43
-4.38,3.89
-4.59,5.4
-5.45,4.73
-6.21,5.96
-4.58,3.84
-4.57,5.67
-4.8,4.74
-4.86,5.46
-3.7,5.39
-5.56,5.5
-5.49,3.65
-5.45,4.37
-5.54,4.31
-5.02,4.73
-6.11,3.82
-5.78,4.26
-4.58,4.39
-6.63,6.19
-5.84,5.41
-4.49,4.92
-6.45,4.53
-5.67,5.03
-4.33,5.74
-5.82,5
-4.39,4.8
-5.15,6.16
-4.27,5.04
-5.32,5.65
-4.66,4.81
-5.44,6.32
-4.29,3.7
-3.62,4.18
-5.17,4.21
-4.87,5.17
-4.86,4.23
-5.89,4.62
-4.23,4.34
-4.99,3.8
-4.28,4.97
-4.9,4.07
-4.72,5.53
-4.59,5.69
-4.79,5.53
-5.24,5.22
-5.15,5.21
-5.94,4.18
-5.97,5.32
-5.44,3.98
-4.91,4.68
-5.37,4.45
-5.58,6.2
-5.98,4.38
-5.87,5.06
-5.44,4.74
-5.48,5.62
-5.08,4.93
-5.75,6.11
-5.68,4.41
-4.77,5.48
-4.08,5.98
-5.33,6.24
-6.23,4.46
-5.82,4.97
-4.38,4.67
-5.39,4.31
-5.44,3.91
-6.48,5.59
-5.12,4.88
-5.61,5.4
-5.1,4.87
-5.89,5.49
-5.15,4.95
-6.26,5.06
-4.29,5.47
-5.11,5.49
-4.14,5.81
-4.87,5.21
-5.45,5.62
-5.7,6.07
-5.57,4.47
-5.55,3.88
-5.54,4.08
-4.76,5.63
-4.82,5.24
-5.09,5.36
-5.64,4.62
-5.83,3.98
-4.7,5.8
-5.41,6.27
-4.54,5.27
-4.44,5.51
-3.83,5.58
-4.45,5.13
-5.32,5.41
-3.8,5.05
-5.26,5.35
-5.23,5.07
-5.36,6.02
-5.12,5.7
-3.57,5.68
-5.19,5.18
-3.74,5.32
-4.7,4.05
-5.32,4.59
-4.88,5.19
-6.63,5.3
-4.02,5.7
-4.81,5.33
-6,4.51
-5.19,4.68
-4.97,4.92
-5,5.46
-5.6,4.27
-4.28,4.85
-4.87,4.98
-6.57,5.58
-4,5.04
-5.6,3.44
-4.65,6.29
-5.89,5.93
-4.16,5.44
-5.06,4.65
-4.2,4.93
-4.79,5.41
-3.68,5.17
-5.4,5.41
-4.02,4.5
-4.49,4.86
-5.54,4.93
-6.62,4.11
-6.21,5.63
-4.85,5.03
-4.31,4.87
-5.79,4.63
-3.57,5.13
-3.61,5.76
-5.55,5.21
-4.95,5.44
-5.16,5.38
-3.56,4.62
-5.01,5.71
-4.19,6.32
-5.45,5.74
-6.22,5.48
-5.17,3.67
-5.79,6.01
-4.42,4.42
-4.82,4.05
-5.14,5.71
-4.27,5.05
-4.6,4.32
-5.13,4.66
-4.92,4.62
-5.93,5.24
-5.14,3.93
-5,5.43
-5.32,5.01
-5.36,4.69
-4.76,5.02
-5.91,4.75
-4.38,4.53
-6.72,5.59
-4.88,5.55
-5.48,4.72
-5.12,4.42
-3.84,5.25
-4.92,4.47
-5.02,5.91
-5.49,4.16
-6.34,4.57
-4.63,5.46
-5.28,4.74
-4.7,4.83
-4.89,4.83
-4.9,5.67
-3.46,5.13
-5.75,5.28
-6.27,5.35
-4.54,4.06
-5.21,6.8
-5.51,4.9
-4.1,5.08
-5.02,3.16
-4.9,5.16
-4.89,4.18
-5.58,5.16
-6.4,4.31
-4.91,4.64
-4.65,5.81
-5.67,5.53
-4.32,4.94
-4.15,4.67
-6.72,5.55
-4.46,4.73
-5.63,4.01
-4,4.58
-4.48,4.62
-4.32,5.94
-6.27,4.41
-4.75,4.53
-4.17,2.99
-5.43,5.39
-3.8,4.2
-4.03,4.41
-4.77,4.21
-5.39,6
-5.63,5.51
-5.23,4.36
-5.03,6.23
-4.37,4.86
-5.45,4.2
-5.37,4.38
-5.27,3.85
-3.76,5.31
-4.66,5.23
-5.3,3.4
-4.26,4.83
-4.98,4.06
-4.56,4.7
-6.01,5.29
-5.76,4.45
-3.8,4.8
-4.93,5.07
-4.46,3.94
-5.12,4.91
-4.33,5.31
-5.02,5.03
-5.39,4.84
-4.31,5.87
-7.18,6.37
-4.81,5.28
-5.05,4.2
-3.76,5.82
-4.56,5.09
-4.38,4.73
-5.33,5.21
-3.55,4.84
-3.86,4.54
-4.82,4.5
-5.24,5.44
-4.97,5.13
-4.9,4.87
-4.95,4.73
-5.04,4.38
-5.45,5.31
-5.72,5.28
-5.25,4.02
-6.47,4.17
-4.49,4.01
-5.5,6.6
-4.07,5.62
-5.2,6.51
-4.4,4.7
-5.83,5.83
-5.37,5.04
-4.53,4.98
-5.25,4.57
-4.29,4.94
-4.62,5.43
-5.37,4.75
-6.29,4.84
-5.16,5.18
-5.4,5.15
-5.86,4.41
-6.37,5.67
-6.75,5.1
-4.08,5.44
-5.48,5.49
-5.22,3.55
-3.75,4.52
-6.88,4.57
-5.2,5.3
-5.53,4.74
-5.61,5.44
-4.88,3.25
-4.98,5.71
-4.55,6.13
-5.46,4.38
-5.86,5.28
-4.59,5.32
-4.45,4.08
-6.04,4.65
-3.75,4.87
-3.99,5.08
-4.99,5.34
-4.86,5.03
-3.98,4.33
-5.6,5.08
-4.71,5.37
-4.89,5.33
-5.36,6.17
-2.99,5.58
-5.16,5.81
-4.29,5.13
-5.72,6.22
-4.84,3.94
-5.68,5.69
-4.16,4.37
-5.64,6.13
-4.69,4.39
-4.4,5.04
-4.84,5.15
-4.95,5.25
-5.58,5.01
-4.99,5.57
-5.19,5.59
-5.19,4.53
-4.3,4.52
-6.16,4.52
-5.34,5.42
-4.55,4.67
-5.64,4.52
-5.71,4.99
-4.53,4.78
-4.7,5.32
-5.6,5.87
-5.31,5.7
-4.08,3.85
-5.27,4.63
-5.45,5.75
-3.37,6.41
-4.66,5.48
-5.11,5.05
-5.07,5.44
-4.94,5.14
-4.15,4.8
-5.21,5.9
-5.3,5.77
-4.62,5.84
-4.82,4.41
-4.69,6.89
-5.08,4.55
-3.46,4.35
-5.08,2.91
-6.47,4.7
-5.11,4.14
-5.15,5.25
-5.65,5.14
-4.91,5.21
-5.23,5.12
-5.19,5.35
-4.85,5.51
-5.61,5.34
-5.01,4.56
-4.46,4.2
-4.97,5.16
-6.5,4.51
-4.78,5.03
-4.73,4.88
-4.11,6.4
-5.86,4.19
-5.81,5.01
-4.69,6.27
-6.15,4.87
-4.5,6
-5.21,4.29
-4.29,4.54
-5.39,5.21
-4.13,4.07
-5.18,4.09
-6.34,4.74
-5.43,5.17
-4.47,5.24
-5.08,4.93
-4.42,4.42
-5.35,4.03
-5.14,4.55
-5.63,5.5
-3.73,4.28
-4.47,4.5
-5.89,5.31
-4.28,4.65
-5.39,5.99
-5.04,6.37
-5.35,5.44
-4.51,4.79
-5.12,5.4
-5.14,4.98
-4.21,6.2
-4.2,6.05
-5.35,4.93
-3.26,5.16
-4.9,4.51
-4.06,4.72
-5.04,4.98
-5.03,6.28
-3.86,4.55
-4.15,4.79
-5.07,4.33
-5.09,4.18
-5,6.42
-4.96,5.06
-3.52,5.97
-5.91,4.82
-5.13,4.25
-4.61,5.38
-4.03,5.37
-5.41,5.23
-4.81,3.95
-6.79,4.61
-4.32,4.19
-5.75,4.22
-5.8,4.55
-5.28,5.41
-5.57,5.35
-5.94,5.86
-5.86,4.97
-5.5,5.42
-4.17,4.93
-5.61,5.79
-4.38,5.1
-4.73,6.2
-4.6,5.21
-5.76,5.87
-6.45,4.03
-4.4,6.08
-3.94,5.25
-6.05,4.32
-4.66,4.73
-5.69,4.74
-4.29,5.2
-6.21,6.03
-5.07,4.81
-5.04,5.12
-4.07,4.87
-6.27,5.81
-4.4,3.94
-4.57,5.86
-5.1,4.53
-5.25,5.27
-4.51,5.44
-3.94,4.91
-5.37,4.94
-4.29,5.28
-4.82,3.27
-4.23,5.61
-5.33,4.9
-3.68,5.2
-4.89,4.53
-3.94,5.28
-5.54,5.23
-3.93,5.27
-6.65,3.46
-4.12,4.53
-4.89,5.46
-4.96,5.8
-5.54,5
-5.93,4.27
-4.37,6.03
-3.87,5.26
-4.89,5.19
-4.1,5.23
-3.49,4.88
-3.98,4.37
-5.49,5.54
-4.69,4.96
-5.58,4.11
-6.21,5.06
-5.44,5.77
-4.68,5.1
-4.7,4.4
-5.77,4.9
-3.97,4.93
-5.75,5.19
-4.42,5.37
-5.3,4.37
-4.58,5.69
-5.85,5.39
-5.56,4.93
-4.6,4.25
-5.03,4.87
-3.9,4.43
-6.26,5
-6.11,5.03
-4.54,4.29
-5.23,5.4
-5.32,4.94
-4.42,4.64
-5.34,4.63
-5.09,6.04
-5.05,4.77
-5.78,4.47
-5.64,4.12
-5.72,5.57
-4.74,4.8
-5.1,5.52
-6.4,5.57
-4.26,3.76
-5.05,4.26
-4.44,4.17
-4.23,4.75
-5.15,4.46
-4.49,6.39
-5.74,4.73
-3.91,5.13
-4.7,5.33
-5.53,5.23
-5.58,5.29
-5.38,5.25
-4,4.95
-5.01,5.29
-5.59,4.25
-4.86,6.17
-5.37,4.39
-5.09,4.65
-6.61,4.73
-5.26,5.63
-5.28,5.45
-4.88,6.5
-5.71,6.76
-5.16,5.97
-5.56,6.49
-5.18,5.87
-4.74,5.91
-5.18,4.72
-4.7,3.65
-4.86,4.98
-5.17,5.61
-6.56,5.75
-5.73,3.73
-4.49,5.02
-6.3,4.76
-4.32,6.38
-5.79,4.65
-4.5,6.69
-5.67,4.12
-3.81,4.66
-4.7,5.89
-5.68,4.81
-5.4,3.92
-4.38,5.22
-4.41,4.76
-5.32,5.9
-3.97,5.66
-4.16,5.96
-4.54,4.47
-5.4,4.93
-6.36,5.8
-5.5,5.45
-4.15,4.5
-6.19,5.49
-4.78,4.62
-5.19,5.75
-5.78,6.53
-5.17,5.34
-4.42,5.06
-4.37,5.97
-4.48,4.08
-4.44,5.56
-4.52,5.37
-4.26,5.71
-3.43,5.22
-4.58,4.95
-5.2,5.57
-5.26,4.7
-6.37,4.54
-5.27,4.77
-5,5.04
-5.21,4.47
-6.48,4.28
-4.28,5.53
-4.35,4.56
-3.49,6.3
-3.61,4.49
-3.7,5.87
-4.72,4.61
-5.94,5.51
-5.34,4.66
-4.67,4.6
-4.2,6.3
-6.33,5.88
-4.38,5.87
-4.27,4.41
-4.82,2.18
-4.32,3.89
-5.2,5.89
-5.53,5.27
-4.85,4.34
-3.79,5.81
-4.29,4.67
-4.95,3.97
-4.72,5.26
-5.3,4.39
-4.65,4.8
-6.27,4.97
-5.35,6.02
-4.8,5.62
-5.48,5.46
-4.63,5.73
-5.06,3.78
-4.68,4.19
-5.25,5.5
-4.37,3.47
-6.18,6.48
-5.65,4.69
-5.01,4.57
-5.68,4.29
-5.7,5.36
-4.16,4.42
-4.72,5.83
-5.93,6.46
-4.88,4.57
-4.74,5.13
-5.62,5.23
-4.23,4.73
-4.69,5.5
-5.07,5.66
-4.05,3.84
-5.52,4.7
-5.37,6.41
-4.64,5.14
-3.52,4.8
-4.75,4.86
-5.54,5.05
-5.53,5.69
-5.22,4.79
-5.53,4.64
-5,6.29
-5.17,4.48
-5.88,6.44
-5.46,5.14
-5.04,5.29
-5.03,5.83
-5.4,5.17
-4.8,5.23
-4.03,5.2
-3.31,5.01
-4.63,6.07
-5.2,5.24
-4.56,5.56
-4.39,4.13
-5.31,4.52
-4.65,5.51
-4.79,4.8
-4.57,7.14
-4.58,4.86
-5.09,4.79
-5.93,4.32
-5.76,4.73
-5.77,4.75
-5.44,5.31
-4.26,6.12
-4.81,5.12
-5.47,5.76
-4.6,4.3
-4.79,4.85
-6.82,4.46
-5.03,5.38
-5.06,5.78
-5.44,5.18
-5.27,5.13
-6.13,4.44
-5.63,5.56
-4.63,6.09
-4.78,5.05
-4.86,3.38
-3.66,4.39
-5.08,4.75
-4.36,5.38
-5.34,4.36
-5.16,4.46
-5.67,5.29
-5.54,5.22
-5,5.09
-5.69,2.63
-4.93,4.38
-4.85,5.29
-4.37,4.8
-3.74,5.89
-5.45,6.69
-4.69,4.23
-4.83,5.81
-4.48,4.66
-3.2,4.21
-4.76,5.78
-6.14,5.46
-6.49,5.11
-5.24,5.5
-5.19,5.69
-4.57,4.53
-6.09,5.63
-4.79,5.35
-5.05,4.51
-4.29,4.47
-4.31,4.27
-5.41,5.79
-5.5,4.48
-3.58,4.9
-5.12,5.97
-5.54,4.13
-5.3,4.94
-4.38,4.53
-4.48,6.1
-6.18,6.1
-5.24,5.69
-5.99,5.49
-4.65,5.64
-5.27,5.74
-5.13,7.08
-4.2,4.79
-4.49,5.48
-4.8,5.98
-5.15,5.47
-5.32,4.15
-5.01,5.69
-6.19,5.54
-4.53,5.27
-4.56,4.47
-5.74,4.44
-3.33,6.1
-4.91,5.2
-6.11,5.25
-4.46,4.45
-5.08,3.48
-5.34,3.7
-6,3.98
-5,5
-4.66,4.09
-3.82,5.36
-5.25,3.84
-4.79,5.32
-5.21,4.31
-4.19,5.13
-3.89,4.82
-5.43,5.62
-5.06,4.71
-4.62,5.17
-6.31,5.46
-5.41,5.73
-5.17,3.91
-3.71,5.38
-5.5,5.08
-6.28,4.7
-4.99,5.16
-6.35,6.19
-5.71,5.48
-5.03,5.46
-4.94,5.2
-4.9,3.58
-3.86,5.46
-6.92,6.08
-4.84,5.23
-4.29,4.98
-4.75,4.41
-5.23,4.18
-4.76,5.18
-4.22,4.22
-5.11,5.06
-4.82,6.16
-3.73,4.26
-4.99,5.23
-3.95,4.76
-4.66,4.36
-3.98,4.66
-5.03,4.9
-4.17,6.29
-4.19,6.06
-4.56,4.64
-5.91,4.88
-5.65,4.67
-5.12,4.95
-5.61,5.57
-5.72,5.62
-4.22,4.03
-4.73,4.98
-5.16,4.57
-5.01,4.95
-5.19,4.86
-5.44,4.66
-5.89,5.55
-5.35,4.68
-4.92,4.7
-4.92,6.12
-5.34,3.52
-5.33,6.36
-3.91,5.11
-6.23,5.73
-5.15,4.76
-4.57,6
-5.67,5.46
-5.65,4.41
-4.99,5.36
-4.84,4.99
-4.35,4.53
-5.47,4.55
-4.54,5.02
-4.96,5.64
-5.01,5.54
-4.64,6.51
-5.59,5.35
-3.45,3.1
-6.73,4.18
-4.92,5.81
-5.18,3.88
-4.85,5.06
-4.77,4.94
-4.92,4.13
-5.18,5.12
-5.09,5.48
-4.62,5.78
-5.01,4.01
-5.29,4.59
-4.8,6.05
-4.76,5.17
-5.65,5.44
-5.75,4.95
-5.5,3.94
-5.22,5.49
-4.32,5.47
-5.4,4.58
-4.06,5.3
-6.76,4.73
-5.49,4.03
-4.72,5.44
-5.67,5.91
-4.98,4.99
-5.94,4.53
-4.32,6.47
-6.78,4.58
-5.62,6.1
-5.57,5.73
-4.89,5.99
-4.95,5.34
-4.82,4.72
-4.02,4.46
-5.63,5.45
-5.61,5.83
-4.61,4.47
-6.07,4.82
-5.74,4.49
-5.54,5.38
-5.09,3.8
-5.31,5.01
-5.2,5.23
-4.72,4.79
-5.29,4.9
-5.1,4.37
-4.43,4.84
-4.69,5.15
-3.69,4.95
-5.13,5.3
-6.15,4.98
-4.33,4.29
-4.43,4.85
-4.99,4.44
-4,4.83
-4.72,5.44
-5.4,5.48
-5.94,3.94
-5.04,3.85
-4.43,3.82
-5.27,5.19
-5.86,3.03
-4.62,3.86
-5.23,6.33
-6.25,5.96
-5.66,4.76
-4.53,5.03
-5.54,4.39
-5.37,5.24
-5.12,5.04
-3.73,5.88
-3.86,4.85
-4.41,4.98
-5.73,4.83
-5.49,4.96
-5.73,4.97
-4.33,4.92
-5.59,4.4
-3.89,5.71
-5.83,5.91
-5.34,4.65
-4.12,4.22
-5.6,5.63
-4.82,3.71
-4.77,6.17
-4.71,5.32
-4.06,5.37
-5.1,5.89
-4.92,4.75
-5.21,5.92
-4.07,4.79
-4.61,3.18
-5.81,5.01
-5.75,6.96
-4.87,5.19
-5.64,4.44
-4.7,4.09
-4.42,4.58
-4.35,4.52
-5.35,4.86
-4.86,6.44
-6.32,4.23
-5.02,5.14
-4.22,4.72
-3.5,3.88
-4.31,4.24
-4,4.57
-5.4,5.36
-5.07,5.35
-5.46,5.27
-4.07,4.75
-4.62,4.34
-4.67,5.64
-4.96,5.05
-5.68,6.02
-6.06,4.96
-4.71,5.3
-4.42,4.65
-5.98,5.44
-5.67,4.89
-5.07,5.4
-5.26,3.96
-5.63,4.39
-5.57,5.05
-4.47,4.75
-4.73,6.32
-6.25,4.58
-5.66,5.03
-4.72,6.03
-4.29,4.79
5.36,5.66
4.5,4.54
5.01,5.48
4.36,4.27
4.42,4.78
4.68,4.47
5.69,4.61
5.59,4.77
4.57,4.8
5.46,4.85
4.95,4.79
5.06,5.66
5.41,4.72
5.15,5.21
5.39,5.45
4.97,4.38
4.99,5.51
5.31,4.73
4.49,4.65
4.81,5.15
4.17,4.69
5.14,4.74
4.81,5.22
4.9,5.17
4.97,5.02
4.65,5.58
5.56,5.23
4.49,4.7
5.2,5.59
4.72,4.65
5.06,5.29
4.18,4.58
4.44,5.29
4.71,4.75
4.34,5.45
3.91,5.22
5.1,4.97
3.92,4.33
5,4.87
4.19,4.41
5.5,4.31
5.74,4.54
6.37,4.9
4.71,5.35
5.66,5.23
5.28,5.54
5.63,4.34
6.31,5.46
4.96,5.1
4.99,5
5.05,5.79
4.16,5.63
5.12,5.39
4.52,4.66
4.45,4.92
5.09,4.49
5.39,5.1
5.11,5.11
5.57,5.99
4.12,5.8
4.64,5.3
4.47,4.75
5.76,5.01
5.41,5.1
5.6,4.32
4.82,4.56
3.69,4.59
5.26,5.32
4.58,5.43
5.06,5.17
6.67,5.16
5,5.2
3.64,4.64
4.64,5.94
5.58,4.25
4.42,5.49
6.13,4.48
3.8,5.01
4.68,4.83
6.31,5.21
4.75,5.35
4.76,6.14
4.39,5.47
6.17,5.27
5.23,5.21
5.73,4.09
4.27,4.63
4.98,5.8
4.55,4.83
5.19,4.18
3.89,5.55
4.84,4.22
4.79,4.83
3.52,3.86
5.83,4.48
4.81,5.71
4.96,5.72
4.37,5.76
5.1,4.54
5.3,5.19
4.97,5.08
5.17,4.76
4.48,4.27
5.32,4.35
3.87,4.35
4.76,4.52
4.62,5.57
4.96,4.25
4.39,4.92
4.38,5.19
5.35,4.65
4.54,4.62
5.78,4.71
4.82,5.15
5.08,5.33
4.71,5.13
5.64,5.19
4.51,5.28
4.85,4.93
4.87,4.33
6.08,5.03
6.04,3.84
4.98,4.07
4.74,5.97
4.8,5.18
5.47,4.99
4.66,5.52
5.07,4.98
6.04,5.08
5.56,4.86
5.02,4.88
5.16,4.62
4.76,4.68
5.32,4.33
5.23,5.5
4.89,4.84
5.34,4.14
5.72,4.96
4.73,4.53
5.1,4.79
4.81,4.7
4.34,5.54
5.6,5.36
5.75,4.65
4.74,5.06
4,6.16
3.79,5.12
4.45,5.77
5.21,5.55
4.56,3.89
5.21,5.01
6.05,4.87
6.12,5.32
4.94,6.22
4.95,4.79
5.56,4.83
4.54,5.34
5.17,5.36
4.99,4.5
4.8,5.85
5.28,5.25
4.62,5.82
4.95,5.8
5.04,4.4
4.91,4.98
4.14,4.66
4.91,4.66
5.28,6.14
6.1,4.26
3.83,6
4.64,5.19
4.64,5.3
4.51,4.73
4.97,5.28
4.64,4.56
5.29,5.29
4.96,5.4
5.41,5.61
5.42,4.72
4.77,4.69
4.26,4.91
3.91,5.71
5.16,4.93
5.09,5.23
4.82,5.08
5.42,4.67
4.96,5.17
4.1,4.69
4.95,5.22
4.98,5.11
4.49,4.7
4.92,4.5
5.43,6.27
4.72,5.74
4.4,4.85
5.74,4.88
5.26,5.2
5.19,4.94
5.69,5.01
5.75,5.5
5.14,5.55
5.32,5.01
4.31,5.32
4.66,5.08
5.13,5.06
4.03,5.08
4.93,4.77
5.34,4.75
5.89,5.41
6.01,4.25
5.17,4.8
4.8,6.06
5.21,5.03
5.12,5.37
4.05,5.81
5.51,5.01
4.93,4.52
4.83,4.97
5.19,4.05
6.03,5.04
4.95,4.24
4.99,4.33
4.68,5.07
3.45,5.49
5.76,4.46
5.21,5.37
5.01,4.6
6.19,5.81
5.68,5.7
4.97,3.67
5.56,4.91
5.03,4.66
4.33,5.15
5.26,4.78
5.07,5.17
5.39,5.69
6.02,4.56
5.48,5.79
4.82,4.23
5.14,3.82
5.28,4.1
3.81,4.65
3.54,4.3
5.07,4.87
3.9,6.22
5.14,4.6
5.21,4.01
6.19,5.42
4.98,6.03
5.21,5.31
5.31,4.77
5.45,5.53
4.2,4.92
4.93,5.58
4.36,4.35
4.75,4.79
5.59,4.94
4,5.21
5.57,4.06
4.21,4.45
5.1,5.71
5.12,4.87
4.5,5.17
4.13,5.27
4.34,4.1
6.81,4.51
5.07,6.07
5.23,4.23
5.89,4.19
4.47,3.3
5.68,5.99
4.94,4.58
4.54,4.98
4.52,4.65
5.2,5.55
5.61,5.37
5.38,5.6
4.95,6
4.77,5.1
4.95,5.44
5.09,5.33
5.44,3.89
4.91,5.57
5.3,4.45
5.4,5.26
5.21,4.78
5.18,5.19
4.1,4.6
4.17,4.98
4.93,5.2
5.22,4.85
5.17,4.49
5.2,4.49
4.26,4.73
4.4,3.65
4.46,4.44
4.4,5.59
4.76,6.02
5.45,5.72
3.82,4.45
4.14,5.11
4.09,4.63
4.87,5.03
5.24,5.37
4.53,4.98
4.57,5.62
4.49,5.43
5.17,4.9
4.61,5.22
5.62,5.33
5.17,5.58
5.25,5.12
5.38,5.31
5.07,5.11
4.04,5.09
5.79,5.27
5.34,4.06
4.16,4.76
4.75,5.46
4.9,4.11
4.36,4.08
4.68,5.34
4.61,4.81
4.62,5.02
5.72,5.34
5.61,5.64
5.67,4.66
5.45,4.4
5.28,4.24
4.68,4.45
4.52,4.58
4.55,4.44
5.47,5.04
5.18,5.29
4.97,4.85
5.11,5.09
5.06,5.46
4.29,4.66
4.72,4.73
4.17,5.27
4.78,5.17
5.06,4.68
4.1,4.39
4.54,3.83
5.66,5.76
4.41,5.04
5.16,5.92
5.25,5.04
3.8,5.81
4.36,5.19
4.76,5.07
4.55,4.84
4.92,4.78
5.37,5.12
4.28,4.3
4.6,4.18
4.83,5.02
5.04,4.8
4.16,4.61
4.88,4.08
6.08,5.44
4.81,4.42
4.9,5.04
4.67,3.94
4.06,5.52
4.77,5.24
4.69,5.43
5.23,5.48
5.88,5.33
4.61,4.43
4.75,4.44
5.01,4.74
5.31,5.01
5,4.81
4.42,5.25
5.31,4.44
5.43,4.23
6.42,5.31
4.84,5.61
5.11,4.55
4.47,5.63
5.02,4.37
4.09,4.11
5.45,4.35
4.92,4.86
4.03,4.71
4.44,5.15
4.64,6.11
5.41,4.73
4.48,4.66
6.58,5.54
5.23,4.07
4.46,5.44
4.39,5.73
5.02,4.65
5.46,4.41
5.32,5.67
5.01,4.99
4.36,5.13
6.13,4.41
4.29,5.18
4.71,5.97
4.61,5.78
4.46,5.29
5.31,4.89
5.62,5.21
4.17,4.55
4.62,4.99
6.11,4.53
5.12,5.67
4.99,4.83
4.65,4.42
5.94,4.93
5.6,4.46
4.38,4.26
4.86,4.19
5.43,4.74
3.63,5.26
5.39,4.74
5.07,4.62
5.85,4.58
5.26,5.27
5.42,4.76
4.28,4.06
4.96,5.35
4,5.34
3.66,4.85
5.69,5.24
5.36,4.9
5.23,4.38
4.62,5.09
4.94,4.84
4.77,4.62
5.57,5.45
4.77,5.58
5.11,5.53
6.6,6.27
5.37,4.59
5.2,4.13
4.56,5.56
4.52,4.97
5.18,5.89
5.64,5.08
5.62,5.13
4.61,5.28
5.47,5.22
4.89,3.99
4.77,4.3
4.43,5.71
4.47,5.4
5.75,5.12
4.67,5.5
4.77,4.86
5.51,4.51
4.61,4.88
5.54,4.97
4.92,4.43
5.4,4.43
4.65,4.41
5.2,5.81
5.25,5.15
5.46,4.59
5.1,5.33
5.2,5.38
5.26,5.55
5.67,5.63
5.1,5.28
4.17,3.11
3.8,5.87
5.45,5.24
5.2,5.07
5.5,5.45
4.57,4.4
5.36,4.84
4.51,4.51
5.24,5.47
5.17,5.85
4.88,4.86
4.67,5.39
6.17,5.55
4.56,5.88
4.85,5.3
5.15,5.4
5.71,4.8
5.5,5.94
3.56,5.11
5.89,5.44
4.6,5.32
5.11,5.36
4.84,4.61
4.31,5.06
4.93,5.44
5.27,5.06
5.28,5.89
6.22,5.3
5.91,5.83
5.34,4.66
5.89,5.04
5.17,4.85
4.86,5.06
5.35,4.77
5.03,4.38
6.45,4.88
5.7,3.92
4.66,4.39
5.67,5.48
5.1,5.08
4.63,5.26
5.24,4.9
4.35,5.93
5.25,4.6
5.62,4.87
4.92,5.61
3.7,5.47
4.38,5.28
5.15,5.34
6.03,4.31
5.76,5.06
4.51,4.62
5.38,3.64
5.47,5.66
4.96,4.92
5.15,4.85
4.06,5.34
5.76,5.13
5.58,4.94
5.29,4.94
3.71,5.91
5.55,5.23
6.05,4.78
4.68,5.26
4.82,5.03
4.65,5.01
4.86,5.15
4.97,4.42
4.57,4.87
4.58,4.62
5.02,5.3
4.83,4.89
5.66,3.86
4.54,4.83
5.63,5.05
5.21,4.71
4.25,5.66
4.98,5.12
4.41,5.47
4.89,5.95
4.96,5.42
5.34,4.55
5.57,4.63
5.16,5.71
4.76,4.71
4.68,4.71
4.96,4.73
5.56,4.82
5.02,5.03
5.25,5.45
5.89,5.21
4.22,5.37
4.77,4.72
5.16,4.41
4.51,4.94
4.49,5.22
4.8,5.03
5.64,5.05
5.36,4.61
6.09,4.1
4.97,4.04
5.95,5.22
4.84,4.84
4.43,5.1
5.01,5.52
6.08,5.03
4.87,5.1
4.72,4.69
5.85,5.92
4.01,4.46
4.71,4.55
4.64,4.89
4.52,6
5.13,4.68
4.33,5.35
5.46,4.7
5.29,5.32
5.51,5.4
5.11,4.12
4.81,4.4
4.55,4.49
4.64,4.63
4.08,5.21
4.98,5.62
3.96,4.66
4.6,4.76
3.58,5.53
5.05,4.59
4.87,5.36
5.23,5.62
4.88,5.36
5.04,5.14
4.69,5.25
4.62,6.04
4.77,5.22
5.53,5.27
4.9,5.5
4.69,6.02
4.69,5.98
5.71,5.56
5.36,4.22
5.05,4.27
4.77,5.42
5.48,4.89
5.11,5.49
5.11,4.66
4.89,5.51
4.52,5.04
5.06,4.51
5.2,5.5
3.78,5.48
5.97,4.52
4.93,4.29
5.12,5.39
4.15,4.97
4.6,4.68
6.05,4.61
4.53,4.6
5.24,5.62
4.96,6.19
4.96,5.03
5,4.42
4.86,4.96
4.67,5.26
6.12,5.13
4.75,5.95
4.99,5.66
5.9,4.71
4.78,4.13
5.81,5.49
4.99,4.75
4.25,5.14
4.66,5.36
5.12,5.48
5.44,5.08
5.2,4.73
4.64,5.6
5.25,4.64
5.79,3.98
5,3.68
6.3,5.06
4.36,5.87
5.37,5.49
3.63,4.63
5.25,5.62
5.98,5.18
4.61,4.32
4.52,5.01
4.6,4.63
4.87,5.66
4.89,3.72
4.65,4.45
6.18,5.06
4.64,4.71
5.12,4.01
4.4,4.23
4.63,3.47
4.55,4.79
4.89,4.88
4.1,5.16
5.54,5.01
4.83,4.96
4.32,4.81
4.99,5.18
4.72,4.87
4.16,4.21
5.36,4.88
4.85,4.6
4.37,5.45
6.2,4.52
6.28,5.37
4.57,4.51
4.25,4.43
5.28,4.96
5.72,5.52
4.62,4.09
5.12,4.69
4.28,4.61
5.69,5.13
4.52,4.34
5.08,4.68
5.1,3.69
4.83,4.05
3.91,5.59
6.02,5.12
5.2,6.15
5.81,4.76
4.6,5.03
4.91,4.74
5.03,4.2
3.69,5.12
4.87,5.26
4.8,5.53
4.86,4.69
5.53,4.95
5.19,5.16
4.3,4.86
4.35,5.07
5.27,4.34
5.61,5.35
4.69,5.29
4.58,5.4
4.62,5.04
4.37,5.36
4.73,4.75
5.06,5.52
4.71,4.37
4.53,4.34
5.3,5.48
4.88,5.4
3.73,5.06
4.78,5.4
5.13,5.7
5.35,4.88
5.94,5.08
5.39,4.44
5.31,5.56
5.19,4.47
5.02,5.65
3.8,4.53
5.1,5.48
5.24,5.78
5.64,5.89
4.61,4.53
5.52,4.61
5.31,5.23
4.98,5.33
6.12,5.77
4.93,5.05
4.65,5.85
4.99,4.83
5.97,5.33
5.67,4.09
4.07,3.67
5.79,5.56
4.61,4.66
5.4,4.2
5.37,4.99
6.2,4.48
4.64,4.77
3.88,4.79
4.46,4.21
5.39,4.91
5.42,5.19
4.72,5.16
4.55,4.89
4.92,4.95
4.99,4.88
4.83,5.06
5.07,5.78
5.74,5.2
5.1,4.88
5.12,4.73
5.18,4.42
5.28,4.89
5.32,4.68
4.59,6.1
5.35,4.98
4.65,4.68
5.13,4.49
4.9,6.01
5.21,4.67
5.13,4.73
5.75,4.8
4.79,4.66
5.22,5.58
5.06,4.96
5.31,5.7
5.39,4.94
4.89,4.85
4.81,4.67
6.34,4.18
4.89,4.9
4.67,5.35
5.16,5.01
6.1,5.43
5.06,4.44
5.78,4.55
4.61,4.36
5.34,5
5.37,5.06
4.85,4.32
4.53,4.53
5.76,5.59
4.66,3.99
5.28,5.14
5.55,4.86
4.39,5.21
5.41,4.61
4.72,5.03
4.73,3.37
5.5,5.25
6.41,4.88
5.94,4.72
6.16,4.12
5.45,5.62
5.12,5.1
5.2,5.47
5.13,4.72
4.33,4.81
4.88,5.17
5.87,3.88
4.82,4.46
4.6,4.93
4.94,5.44
5.43,4.43
4.53,5.55
4.84,4.28
3.96,5.82
4.63,3.95
4.34,4.77
5.66,6.07
4.5,5.1
5.31,4.53
5.31,5.75
4.72,5.51
4.59,5.62
5.47,3.97
5.47,4.9
5.33,5.68
4.82,4.77
4.86,4.89
4.99,5.45
4.73,5.51
5.34,4.66
5.26,5.07
4.9,5.57
5.74,4.17
4.68,4.79
5.43,5.04
3.6,4.49
4.27,4.75
4.79,5.94
5.58,5.18
6,5.67
5.59,4.09
4.14,5.15
4.08,4.18
4.57,5.57
5.21,4.22
5.03,4.39
4.13,4.99
4.27,4.48
4.68,4.11
4.98,5.29
5.07,4.25
4.78,5.31
4.48,5.1
5.22,5.4
5.05,4.84
5.55,5.64
4.94,5.77
5.19,4.74
4.6,4.1
4.4,4.75
4.2,5.42
5.48,5.45
4.18,5.2
4.87,5.18
4.92,4.25
5.05,4.93
5.18,4.44
5.66,3.76
5.19,4.74
4.83,5.15
5.86,5.91
4.65,5.17
5.43,5.29
4.78,4.8
5.19,5.48
5.14,5.2
4.96,5.71
5.01,5.14
5.16,3.85
5.13,5.1
5.26,4.7
5.46,5.09
4.51,5.09
5.51,4.41
4.75,5.24
4.14,4.08
5.86,4.98
4.74,5.12
4.56,4.78
5.6,4.37
5.44,4.5
5.33,4.39
5.14,4.79
4.43,4.81
4.76,5.6
5.22,5.8
4.76,4.49
4.72,4.53
5.12,4.67
4.7,5.36
4.8,4.27
4.87,5.18
4.94,4.38
5.01,5.65
4.73,4.78
4.9,4.97
4.14,5.34
5.27,5.63
4.76,5.35
4.58,5.42
5.57,5.46
6.11,4.61
4.19,4.56
5.31,5.34
4.88,4.84
6.43,5.21
4.52,4.81
5.49,5.3
5,5.52
4.61,5.04
5.41,5.43
5.67,5.79
5.61,4.37
4.8,4.98
4.26,5.06
5,3.85
4.57,5.4
6.13,4.18
5.07,5.32
5.62,4.34
5.4,4.8
4.89,5.6
4.74,5.04
5.39,6.47
5.88,4.93
5.16,4.06
4.62,4.95
5.94,5.32
5.21,5.09
5.14,5.31
5.37,5.8
4.24,4.53
6.35,5.53
5.18,4.91
5.35,4.9
5.2,4.75
5.79,5.14
4.88,5.12
5.3,5.11
5.02,5.02
3.9,4.66
4.32,4.34
5.8,5.24
4.4,5.61
4.66,4.35
4.49,5.15
4.57,5.27
4.75,5.6
4.92,4.78
5.25,5.86
4.72,5.49
5.38,5.05
5.05,4.75
5.05,4.47
4.73,4.6
4.82,5.49
5.79,4.96
5.02,5.71
5.04,4.77
4.17,4.73
4.74,5.06
5.12,5.36
5.62,4.6
5.17,5.87
5.49,4.62
5.27,5.48
4.64,5.15
5.78,5.71
4.59,4.83
5.85,5.11
4.57,4.45
4.07,4.56
5.49,5.47
4.01,5.31
4.85,4.82
6.08,5.05
4.95,5.44
5.77,5.43
4.69,4
5.32,4.33
5.09,5.69
4.79,6.11
5.04,5.86
4.61,4.86
4.36,4.37
4.64,5.47
4.12,4.91
5.4,4.66
